main_site,other_site,year,convergence_correlation
1,2,1,0.17104260458153492
1,2,2,-0.009775996720001108
1,2,4,0.06165085871664831
1,4,1,0.36653992560714294
1,4,2,-0.03566716810023709
1,4,3,-0.015573770709423736
1,5,1,0.37607039743933707
1,5,2,0.048466984664173235
1,5,3,-0.02865050601551723
1,6,1,0.38536160620806575
1,6,2,-0.05745268833662865
1,9,1,0.1404116295811663
1,9,2,0.005401870410181922
1,9,3,-0.012696291918535526
1,10,1,-0.0011234710566375267
1,10,2,0.01518612723051476
1,10,3,0.007757482057237636
1,11,1,0.14684287179824132
1,11,2,0.033956659687883924
1,11,3,0.01568558329977113
1,12,1,0.08010934696248469
1,12,2,0.010105277052341783
1,13,1,0.09381189857682198
1,13,2,0.0004298933802345139
1,13,3,0.0023268217661525223
1,23,1,-0.20599412871264489
1,24,1,0.036407017629580006
1,24,2,0.01861606698088791
1,25,1,0.16270689109449468
1,25,2,0.007618002105430187
1,26,1,1.670639765730372e-05
1,27,1,-0.03514918039910469
1,27,2,0.018041444089491928
1,27,3,-0.012821439317346571
1,27,4,0.0021905858474416864
1,28,1,0.046497837568811456
1,28,2,0.013203389945018176
1,28,3,0.015410424205125367
1,32,1,0.28697357481353525
1,32,2,-0.00671520478228337
1,32,3,0.0008088694655929943
1,33,1,0.008308023427382292
1,33,2,0.025925717350233593
1,37,1,0.05390094338113359
1,42,1,0.2447812184464776
1,42,2,0.0558269492764669
1,42,3,0.022815793383331322
1,42,4,-0.027415435554056306
1,43,1,0.27974734727410394
1,43,2,-0.022606542290198872
1,43,3,0.05104443519138784
1,45,1,0.3905491911988461
1,45,2,-0.013434241417480503
1,45,3,0.045013462422928606
1,45,4,0.010344355140643885
1,46,1,0.49165832920824226
1,46,2,0.08767604799657275
1,46,3,0.018429075852895247
1,46,4,-0.009815518811541857
1,48,1,-0.11426256007255921
1,48,3,-0.0242261089716204
1,49,1,0.3604119342069812
1,49,2,0.055575016318018804
1,52,1,0.2302797263183391
1,52,2,0.0041666594638027545
1,52,3,-0.022583147746997437
1,52,4,0.013196337269154111
1,53,1,0.299742342441931
1,53,2,0.05116898167703732
1,53,3,-0.007122853415949416
1,54,1,0.36769203667453565
1,54,2,0.07838474179522407
1,54,3,0.00520131596798401
1,55,1,0.18628957299088678
1,55,2,0.044013254493609946
1,55,3,0.027798301182414713
1,55,4,0.0041470819568531665
1,57,1,0.1744423722663614
1,57,2,0.0325647157760823
1,57,3,0.034868960484783725
1,57,4,0.015451387631975252
1,60,1,0.12958058239920267
2,4,1,0.061518769333110686
2,4,2,0.13146791819811376
2,5,1,0.02448251294756384
2,5,2,0.17121734834958066
2,6,1,0.09852909337488554
2,6,2,0.20858455372547655
2,9,1,0.1297349234534935
2,9,2,-0.009627246822759224
2,10,1,0.0641861186934874
2,10,2,0.03451537924927079
2,11,1,0.08925528277575129
2,11,2,-0.0928892925346452
2,12,1,0.0802982205831218
2,12,2,0.0009229261509412535
2,13,1,0.08409701737060665
2,13,2,-0.002847820169001037
2,23,1,-0.04725594761763326
2,24,1,0.08448430582453412
2,24,2,0.00774164118088614
2,25,1,0.11785633836171029
2,25,2,-0.039500227729185294
2,26,1,-0.0032557850425541145
2,27,1,-0.0014138000844797448
2,27,2,-0.04452457478483354
2,27,4,0.007431894540927581
2,28,1,0.06565919212190012
2,28,2,-0.03492652332011295
2,32,1,-0.017850152188694943
2,32,2,0.14328783215772958
2,33,1,0.028800483191360807
2,33,2,0.04100520417417593
2,37,1,0.09023125910120373
2,42,1,0.12751145183497192
2,42,2,-0.07386704318478843
2,42,4,-0.02459541071896282
2,43,1,0.001781250713623481
2,43,2,-0.0013927455434119666
2,45,1,0.23255177866375115
2,45,2,0.2679490530230563
2,45,4,-0.10219682464555638
2,46,1,0.1514123020623169
2,46,2,-0.10065911818234001
2,46,4,-0.0031156994650248337
2,48,1,-0.02628106487831376
2,49,1,0.13799134546502376
2,49,2,-0.10175446906094793
2,52,1,0.13832447317525115
2,52,2,-0.010668126608130681
2,52,4,-0.00489877451820043
2,53,1,0.1094162195415226
2,53,2,-0.03465289313795523
2,54,1,0.03367469890007758
2,54,2,-0.04784139405567131
2,55,1,0.07756965917947042
2,55,2,-0.030433935955607668
2,55,4,0.005747225898118696
2,57,1,0.15167902233038477
2,57,2,0.007875881708257882
2,57,4,0.01338667874313963
2,60,1,0.042790351076803596
4,5,1,0.5701756641738746
4,5,2,0.30244606415046194
4,5,3,-0.19934651125914216
4,6,1,0.5300964105352048
4,6,2,0.2758515711011624
4,9,1,-0.14443105046739613
4,9,2,-0.039190892495595576
4,9,3,0.004672950549449156
4,10,1,-0.07831773075904969
4,10,2,0.17833478847151038
4,10,3,-0.38497578976109553
4,11,1,0.08215806698682428
4,11,2,-0.05584122326727321
4,11,3,-0.018532519587186477
4,12,1,-0.10190279312508761
4,12,2,0.03355033323027856
4,13,1,0.021762647256424867
4,13,2,0.010065490682378135
4,13,3,-0.00034450299616223436
4,23,1,-0.2326677529331553
4,24,1,-0.11066572143045852
4,24,2,0.059492308441777435
4,25,1,0.05655113586734184
4,25,2,-0.06822782634203885
4,26,1,0.11774630062461515
4,27,1,-0.07168993650345057
4,27,2,-0.01539770185979804
4,27,3,-0.001893944641920215
4,28,1,-0.13279440348974905
4,28,2,-0.07954873779632839
4,28,3,-0.023934513808236156
4,32,1,0.7121811327367514
4,32,2,0.25379257820045503
4,32,3,-0.12402146065650822
4,33,1,-0.05567356622482176
4,33,2,0.045366266364773915
4,37,1,-0.12463494832194799
4,42,1,0.37248693219803486
4,42,2,-0.11192121065932989
4,42,3,0.04694773276368133
4,43,1,0.6290474681955386
4,43,2,0.18517455827949372
4,43,3,0.16946994173407676
4,45,1,0.318853938953773
4,45,2,0.2401340896203776
4,45,3,0.120178436815549
4,46,1,0.5685604929088175
4,46,2,-0.20224267619403738
4,46,3,-0.012084112779862604
4,48,1,-0.19630688215859474
4,48,3,-0.02372566458731668
4,49,1,0.5465752035731049
4,49,2,-0.14857755852133278
4,52,1,0.11044013267105382
4,52,2,0.040753271990208416
4,52,3,0.03770577052500107
4,53,1,0.32999659840153217
4,53,2,-0.0950417523194127
4,53,3,-0.0032268160852227668
4,54,1,0.7058713267290142
4,54,2,-0.14356943366257713
4,54,3,-0.0328878955781548
4,55,1,0.2749999341491479
4,55,2,-0.07482371040355189
4,55,3,0.02328420881913875
4,57,1,0.01380922448044019
4,57,2,0.05467710042032346
4,57,3,-0.024397107282861312
4,60,1,0.20530073533014637
5,6,1,0.540903608780885
5,6,2,0.09188034048564774
5,9,1,-0.07092292545100194
5,9,2,-0.031564191838551615
5,9,3,-0.04408208919613018
5,10,1,-0.11565165396073121
5,10,2,0.1525186451414871
5,10,3,0.16225999435384578
5,11,1,0.10493766637661378
5,11,2,-0.03911611338342533
5,11,3,0.04525383349974372
5,12,1,-0.04720108163478196
5,12,2,-0.009235795425074706
5,13,1,0.007378988541757497
5,13,2,0.013238940081312111
5,13,3,-0.14346396224156527
5,23,1,-0.22315958717981735
5,24,1,-0.09981021784544891
5,24,2,0.06637848579198462
5,25,1,0.08878997778550052
5,25,2,-0.04265809487205488
5,26,1,0.03788685978896686
5,27,1,-0.07746087774061251
5,27,2,-0.037318391417278975
5,27,3,-0.00788556300720154
5,27,5,-0.006735444302941248
5,28,1,-0.1338863164386363
5,28,2,-0.04545198150193863
5,28,3,-0.20244068882160207
5,32,1,0.6021850320913144
5,32,2,0.15235638308425883
5,32,3,-0.026866572559559338
5,33,1,0.024574557054171667
5,33,2,0.05831190816042902
5,37,1,-0.08811549173164118
5,42,1,0.3134741862367424
5,42,2,-0.050623313836343053
5,42,3,-0.1909140730185372
5,42,5,-0.0330453304907914
5,43,1,0.5575005436642244
5,43,2,-0.05109919187814011
5,43,3,-0.2913771776432407
5,45,1,0.284140759135876
5,45,2,0.25377852358230907
5,45,3,-0.24957931568597777
5,45,5,6.162893397341125e-05
5,46,1,0.5402526525721753
5,46,2,-0.046038528963408126
5,46,3,0.020960345311959287
5,46,5,0.014607089872296971
5,48,1,-0.16522759462543174
5,48,3,0.025454071084323567
5,49,1,0.4344458275519475
5,49,2,-0.09812585986327298
5,52,1,0.10260269223468453
5,52,2,0.012202714361004641
5,52,3,-0.06354620718807975
5,53,1,0.30404872171822117
5,53,2,-0.020163175717739328
5,53,3,0.03317618041470954
5,54,1,0.599469781995287
5,54,2,0.006447149225347625
5,54,3,0.008331480122291962
5,55,1,0.26035234506830435
5,55,2,-0.028055194932819345
5,55,3,-0.11841899409364294
5,55,5,0.008220151070524534
5,57,1,0.00011945043158127276
5,57,2,0.09190615521607176
5,57,3,0.07464195130388679
5,57,5,-0.03705824807200008
5,60,1,0.18423886446410478
6,9,1,0.009763311596742909
6,9,2,-0.00419205379182894
6,10,1,-0.04832445841185973
6,10,2,0.08796580358099888
6,11,1,0.12865843086758427
6,11,2,-0.0848193221424663
6,12,1,-0.018929450086643058
6,12,2,-0.010941043144704548
6,13,1,0.05841091886070996
6,13,2,0.020732346147123576
6,23,1,-0.16824501008731527
6,24,1,-0.03763348458981392
6,24,2,0.02306149018731541
6,25,1,0.11384858859023536
6,25,2,-0.04409580346134621
6,26,1,0.040603488117693286
6,27,1,-0.04575506323065456
6,27,2,-0.06795121154415482
6,28,1,-0.04714587489802676
6,28,2,-0.01588272373727824
6,32,1,0.48885720803033883
6,32,2,0.19899168402775252
6,33,1,0.05014641088782736
6,33,2,0.026267332315384657
6,37,1,-0.024197649771756473
6,42,1,0.3104368518078692
6,42,2,-0.1185287416520083
6,43,1,0.449400496383478
6,43,2,0.2569070293531214
6,45,1,0.37121582919422025
6,45,2,0.2481176050257413
6,46,1,0.5136708732015579
6,46,2,-0.165448558610598
6,48,1,-0.1292517190713565
6,49,1,0.4436414171249305
6,49,2,-0.15334016684995594
6,52,1,0.13633544315745597
6,52,2,0.008135980289486944
6,53,1,0.26671294131423234
6,53,2,-0.02490745115874081
6,54,1,0.5204123928346984
6,54,2,-0.10325333609018353
6,55,1,0.231215410470982
6,55,2,-0.0816791221158289
6,57,1,0.07963190181880729
6,57,2,0.03714902173294899
6,60,1,0.16356739132583617
9,10,1,0.20675508059755804
9,10,2,-0.03492355339677589
9,10,3,0.0062041931285304495
9,11,1,0.12647938675930273
9,11,2,0.02858804976610995
9,11,3,-0.01639367683001831
9,12,1,0.16387019551177678
9,12,2,-0.015499176907123944
9,13,1,0.13723918332532267
9,13,2,0.0048023415764471495
9,13,3,0.022858685674447494
9,23,1,0.08109270938731436
9,24,1,0.1773028865627768
9,24,2,0.009532957015781506
9,25,1,0.12699691147709108
9,25,2,0.01624638926679209
9,26,1,0.0033066564546719336
9,27,1,0.04043390364508967
9,27,2,-0.009448489626445039
9,27,3,-0.006330709155047421
9,28,1,0.21021163998178877
9,28,2,0.028376897645044103
9,28,3,0.018246937349423356
9,32,1,-0.28103554914614354
9,32,2,-0.0056298098446409565
9,32,3,-2.8881798531272342e-05
9,33,1,0.049363435088548596
9,33,2,-0.010860570975012616
9,37,1,0.24590822308237983
9,42,1,0.010039568714076503
9,42,2,0.008180429536455064
9,42,3,0.008326473092479978
9,43,1,-0.184393437994402
9,43,2,-0.01473104086301759
9,43,3,0.00717090087842019
9,45,1,0.20532951107052494
9,45,2,-0.027307592168445194
9,45,3,0.012105118896144724
9,46,1,0.062006090638996564
9,46,2,0.0272410086969045
9,46,3,-0.002939445642166979
9,48,1,0.07036227457217584
9,48,3,0.006075461999025636
9,49,1,-0.05514730021167689
9,49,2,0.03310484541293265
9,52,1,0.08096040256548707
9,52,2,-0.008099119973666257
9,52,3,0.022375264962498302
9,53,1,-0.031172467860279433
9,53,2,-0.0025213953984471855
9,53,3,0.0036849632249643383
9,54,1,-0.14467631735742906
9,54,2,0.03692573548349916
9,54,3,-0.0014173494556799196
9,55,1,-0.06325416349622845
9,55,2,-0.006793706818202651
9,55,3,-0.009396585825575404
9,57,1,0.23920938896502195
9,57,2,-0.032071129999697426
9,57,3,-0.02959146303923506
9,60,1,-0.03438074004924581
10,11,1,0.060193094257307796
10,11,2,-0.03644453294629362
10,11,3,0.07402625960766485
10,12,1,0.07364766480112703
10,12,2,0.016230402906397733
10,13,1,0.12188845736838969
10,13,2,0.04060593441843958
10,13,3,-0.009403250878577176
10,23,1,0.0904023191660942
10,24,1,0.12994847157400993
10,24,2,-0.02139011014964711
10,25,1,0.03261626934644374
10,25,2,0.014550492190977838
10,26,1,0.066368363953154
10,27,1,0.030961349968119743
10,27,2,-0.017027859863745366
10,27,3,0.0026622215682910646
10,28,1,0.1495817896257648
10,28,2,0.037208076728588904
10,28,3,0.01995702945292295
10,32,1,-0.2051959688425942
10,32,2,0.036409153769959825
10,32,3,0.0873608681472936
10,33,1,0.021628702891030815
10,33,2,0.022447246593947753
10,37,1,0.18770842970618512
10,42,1,0.014546379013138596
10,42,2,0.002123239570898755
10,42,3,-0.0337404176698672
10,43,1,-0.12451688136073907
10,43,2,0.026499626354073807
10,43,3,-0.1330505786496215
10,45,1,0.0846728446898605
10,45,2,0.07329242429822404
10,45,3,-0.08357792647769088
10,46,1,0.006680158824190671
10,46,2,-0.013413754658917098
10,46,3,0.007625943146895779
10,48,1,0.03376711532739449
10,48,3,4.354218049248109e-05
10,49,1,-0.07384875156385845
10,49,2,-0.04065306805000306
10,52,1,-0.04235172475781192
10,52,2,0.013783799811141672
10,52,3,-0.03127637459224815
10,53,1,-0.08599489720896435
10,53,2,0.07456874732418498
10,53,3,-0.014705253959674187
10,54,1,-0.11655923124376713
10,54,2,-0.03569252509162547
10,54,3,0.026110338481800142
10,55,1,-0.10227821203165008
10,55,2,2.282197747968083e-05
10,55,3,-0.009673081866732554
10,57,1,0.17293003839842702
10,57,2,0.052882036576619114
10,57,3,0.01458264044575601
10,60,1,-0.04386321706681932
11,12,1,0.06046624652232464
11,12,2,-0.0010734142455889953
11,13,1,0.08860140215390294
11,13,2,-0.028421690348419144
11,13,3,-0.002515941828730639
11,23,1,-0.0055069121952169625
11,24,1,0.08113494799597427
11,24,2,0.01597140048932425
11,25,1,0.08975677907716102
11,25,2,0.018155927592763802
11,26,1,0.014266658479085625
11,27,1,0.015177151504005755
11,27,2,0.03694676431408178
11,27,3,0.006895943093145061
11,28,1,0.05995481699449421
11,28,2,0.01778416265547368
11,28,3,-0.008376165545223989
11,32,1,0.024017623960867273
11,32,2,-0.034046468526481154
11,32,3,-0.0014690334696855383
11,33,1,0.017465009430301996
11,33,2,-0.030950663879323256
11,37,1,0.10372920785780056
11,42,1,0.10421470685942436
11,42,2,0.039367443902498224
11,42,3,-0.0020564001249629223
11,43,1,0.051211869617392915
11,43,2,-0.020511021322026483
11,43,3,-0.009952913210469724
11,45,1,0.201911593993803
11,45,2,-0.08528608131507458
11,45,3,-0.016452930888140236
11,46,1,0.14868573458558654
11,46,2,0.04370104142209108
11,46,3,0.017233481904726594
11,48,1,-0.020757777951660197
11,48,3,-0.004511629970243533
11,49,1,0.09820524002506681
11,49,2,0.038445462406910186
11,52,1,0.04935574895243434
11,52,2,-0.01956071407021957
11,52,3,-0.005806971732709121
11,53,1,0.0501807750326446
11,53,2,0.012515224448598447
11,53,3,0.012896182835821746
11,54,1,0.05692719269192004
11,54,2,0.01923149903222142
11,54,3,0.008870905542166104
11,55,1,0.030919218979113414
11,55,2,0.02092229134522071
11,55,3,-0.00981524655117861
11,57,1,0.10645700802540203
11,57,2,-0.01259797337343067
11,57,3,0.057302101937471255
11,60,1,0.04322935084843164
12,13,1,0.06960161156947885
12,13,2,-0.0005289144903603979
12,23,1,0.013331345815365228
12,24,1,0.11177660153418739
12,24,2,0.012655417760092404
12,25,1,0.10394383776254212
12,25,2,0.04167842234329585
12,26,1,-0.02421098944578287
12,27,1,-0.004852623111584822
12,27,2,0.029839851466959243
12,28,1,0.11295031027563059
12,28,2,-0.01636752007307375
12,32,1,-0.166199904699293
12,32,2,0.006986194363772867
12,33,1,0.08861151548418682
12,33,2,0.022005120273601537
12,37,1,0.13462025575848388
12,42,1,0.01416814569206448
12,42,2,-0.011309045812377863
12,43,1,-0.12622046205747323
12,43,2,0.016433817697999325
12,45,1,0.09520023299241794
12,45,2,0.01037040284228618
12,46,1,0.013768254659344399
12,46,2,-0.01293593728959983
12,48,1,0.03990432141340301
12,49,1,-0.02253752474679703
12,49,2,-0.008082028348401903
12,52,1,0.0571076624023095
12,52,2,0.051755206329380916
12,53,1,-0.00989731082509655
12,53,2,0.01680373655756353
12,54,1,-0.10746499614915515
12,54,2,-0.009186118620479947
12,55,1,-0.025832472406815132
12,55,2,0.04343344134807347
12,57,1,0.10263628074965013
12,57,2,0.007924229741427766
12,60,1,-0.029478263097916034
13,23,1,-0.012313695559942297
13,24,1,0.06890980914533913
13,24,2,-0.03484015152904475
13,25,1,0.06551646844419604
13,25,2,0.0035125597047804885
13,26,1,0.01115442718341652
13,27,1,0.006495504474401989
13,27,2,-0.01648090816279506
13,27,3,0.006243756871297302
13,28,1,0.07985734280656326
13,28,2,0.002163291168150097
13,28,3,0.09393947237150523
13,32,1,-0.05994535009689556
13,32,2,0.007683521453546771
13,32,3,0.011656875657457108
13,33,1,0.0132542839981776
13,33,2,-0.011733260383879812
13,37,1,0.09461101913183775
13,42,1,0.06559688214790965
13,42,2,0.005336887555589315
13,42,3,0.06697000211993705
13,43,1,-0.03359096622658929
13,43,2,0.010385402195918506
13,43,3,0.0671442318303945
13,45,1,0.1468143920874091
13,45,2,0.0067547187920407705
13,45,3,0.07848465594269521
13,46,1,0.09602280977552763
13,46,2,-0.003453239653408506
13,46,3,-0.012745366566842225
13,48,1,-0.013499487475190593
13,48,3,-0.009028522576098463
13,49,1,0.06079451979503119
13,49,2,-0.01112707050521503
13,52,1,0.03255429561978039
13,52,2,0.0004166701036473919
13,52,3,0.014923852858592204
13,53,1,0.04611544110381564
13,53,2,-0.012923199828188368
13,53,3,-0.0051497646395785345
13,54,1,-0.0024121340486703696
13,54,2,-0.014159781951954732
13,54,3,-0.024177696231599488
13,55,1,0.007417633829644891
13,55,2,-0.014890484472593783
13,55,3,0.038154583880962586
13,57,1,0.12478514359817172
13,57,2,0.0012463199261280933
13,57,3,-0.022326205900559972
13,60,1,-0.0014562257892387607
23,24,1,0.1137049555434222
23,25,1,-0.01958307572120789
23,26,1,0.03908438425389227
23,27,1,0.05626441382528752
23,28,1,0.10516228495823378
23,32,1,-0.23954000079581458
23,33,1,0.013688350548906679
23,37,1,0.10820427685384237
23,42,1,-0.11074916818756302
23,43,1,-0.17808181974009207
23,45,1,-0.09994364126646975
23,46,1,-0.256312195141291
23,48,1,0.1603462031488287
23,49,1,-0.22366039367540091
23,52,1,-0.11049560407196829
23,53,1,-0.2301380966189982
23,54,1,-0.2664359049079661
23,55,1,-0.14360116505945486
23,57,1,-0.016355237881776546
23,60,1,-0.07985455232010345
24,25,1,0.08392373928463623
24,25,2,-0.007760841795940145
24,26,1,0.020579485604820258
24,27,1,0.0051391835317215915
24,27,2,-0.017358312056997567
24,28,1,0.15220844120344348
24,28,2,0.004231743702060945
24,32,1,-0.18546761753222932
24,32,2,0.1041971927698953
24,33,1,0.054549255308742294
24,33,2,-0.0013767206666729602
24,37,1,0.14361981485593991
24,42,1,0.03519169648842845
24,42,2,-0.024943071940191148
24,43,1,-0.13821403816469027
24,43,2,0.009540622361135731
24,45,1,0.10235500329035077
24,45,2,0.03515532239015825
24,46,1,-0.024444084651833106
24,46,2,0.004265155964062182
24,48,1,0.06427235785673119
24,49,1,-0.04668909006185146
24,49,2,0.012549413571898115
24,52,1,0.014855938188416951
24,52,2,-0.017371374380871125
24,53,1,-0.06833476229421852
24,53,2,-0.02946270388312816
24,54,1,-0.12529393573258593
24,54,2,-0.026547466867723375
24,55,1,-0.06510050210494946
24,55,2,0.014638608060198455
24,57,1,0.11642160898623435
24,57,2,0.052410855135703115
24,60,1,-0.02458477396498347
25,26,1,-0.006179816104247501
25,27,1,0.0002714343569826874
25,27,2,0.0036297730581968594
25,28,1,0.07258261184521346
25,28,2,0.072842684604502
25,32,1,-0.010190846214304479
25,32,2,-0.012980295928697276
25,33,1,0.03163953173071003
25,33,2,-0.016905277270250242
25,37,1,0.0891167179700924
25,42,1,0.10929580748212286
25,42,2,0.012452555655767205
25,43,1,0.011297135502953571
25,43,2,-0.02989458038948156
25,45,1,0.2027118821142443
25,45,2,-0.05707329699916739
25,46,1,0.12643518661808073
25,46,2,0.07501870895820993
25,48,1,-0.011456957934141584
25,49,1,0.13049701341201797
25,49,2,0.073281829800836
25,52,1,0.10762668178861359
25,52,2,0.002891138092189139
25,53,1,0.11040468885253639
25,53,2,0.06367748103801915
25,54,1,0.042071295706941146
25,54,2,0.022099433408397238
25,55,1,0.0705545550602985
25,55,2,0.04125200369032305
25,57,1,0.10107910333339602
25,57,2,-0.03851029362989341
25,60,1,0.03091120147615989
26,27,1,0.01082989599115784
26,28,1,0.0293289026466115
26,32,1,0.1000819092007277
26,33,1,-0.012016296588669166
26,37,1,-0.003565608297538113
26,42,1,0.07727537552904143
26,43,1,0.10218792268758392
26,45,1,0.038900322234582306
26,46,1,0.06138699243939994
26,48,1,-0.02372746391079699
26,49,1,0.05814387982488511
26,52,1,-0.04094737277384759
26,53,1,0.010389367749058982
26,54,1,0.11300193369608018
26,55,1,-0.0036374460088597097
26,57,1,0.02593828632036046
26,60,1,0.033190252307969396
27,28,1,0.027868427107581452
27,28,2,-0.018517144977198086
27,28,3,0.014590168226360698
27,32,1,-0.07937782264215779
27,32,2,-0.03166000276448103
27,32,3,-0.0007343827237288624
27,33,1,-0.0011250129368159476
27,33,2,-0.01273910901822275
27,37,1,0.031439479686835754
27,42,1,-0.04230369277450599
27,42,2,0.0038020046209190804
27,42,3,0.010066051936962379
27,42,4,-0.014225809128343187
27,42,5,0.003020382830026148
27,43,1,-0.06174829544366034
27,43,2,-0.022500192451783665
27,43,3,-0.006127542311883353
27,45,1,0.00037243780789266573
27,45,2,-0.03592377803230027
27,45,3,-0.0035871502963394763
27,45,4,-0.00697617833223753
27,45,5,-0.0012420919754319985
27,46,1,-0.04852800172662905
27,46,2,-0.008208473582429229
27,46,3,0.042192716941794106
27,46,4,0.050077583889416286
27,46,5,-0.01234757591430309
27,48,1,0.01889331394386842
27,48,3,0.020812727746450186
27,49,1,-0.03911196209364897
27,49,2,0.024311228991094197
27,52,1,-0.008976422765093254
27,52,2,0.010981867759618569
27,52,3,0.018176620703742957
27,52,4,0.001045448761181882
27,53,1,-0.033147935526091986
27,53,2,-0.024011781273141016
27,53,3,0.00960675252583481
27,54,1,-0.0667981979195018
27,54,2,0.004879040055040924
27,54,3,-0.0008728573693052804
27,55,1,-0.03294925181299107
27,55,2,0.00964910388494059
27,55,3,-0.011592743601903613
27,55,4,0.002351142072191109
27,55,5,0.006714693058871501
27,57,1,0.010707630520566747
27,57,2,-0.019108430113334518
27,57,3,-0.02609734393527632
27,57,4,0.022873989000228565
27,57,5,0.006654925687246488
27,60,1,0.0012249591675223895
28,32,1,-0.22064516860805553
28,32,2,-0.01886337846170626
28,32,3,0.007135897308484879
28,33,1,0.11757015117955698
28,33,2,-0.012726902611863223
28,37,1,0.17041934589676838
28,42,1,-0.026393009005176927
28,42,2,0.018563758092416578
28,42,3,0.10325682695022671
28,43,1,-0.15284431449798624
28,43,2,-0.03367436120076447
28,43,3,0.1025321229548365
28,45,1,0.10319069980498578
28,45,2,-0.05515686202598499
28,45,3,0.1301606681776221
28,46,1,-0.00569977952002393
28,46,2,0.08170191780696573
28,46,3,0.017247132449266005
28,48,1,0.06136239273106994
28,48,3,0.00038013330269069326
28,49,1,-0.07301586217145187
28,49,2,0.07122493780911032
28,52,1,0.02501016569873476
28,52,2,-0.021087002822617898
28,52,3,-0.016685975423561508
28,53,1,-0.05496779536309714
28,53,2,0.08258286868227072
28,53,3,-0.05066082355752513
28,54,1,-0.13677999989590975
28,54,2,0.035945608753253526
28,54,3,-0.00986401068223661
28,55,1,-0.07296712467730539
28,55,2,0.04660106172947029
28,55,3,0.08202952758213611
28,57,1,0.14682677436385985
28,57,2,-0.024140083957185417
28,57,3,-0.028208243430680447
28,60,1,-0.040347928119307416
32,33,1,-0.06009411998221637
32,33,2,0.006562718225752799
32,37,1,-0.23460427876555606
32,42,1,0.311664367022807
32,42,2,-0.054066213024528104
32,42,3,0.0050088276228340035
32,43,1,0.705385095130766
32,43,2,0.04171636177690256
32,43,3,0.034797128920329344
32,45,1,0.17787496250284582
32,45,2,0.17833101919605154
32,45,3,-0.015301596652438512
32,46,1,0.4897028629993274
32,46,2,-0.06907838222383818
32,46,3,-0.006741920396965969
32,48,1,-0.18714865049971616
32,48,3,-0.0012718260875814163
32,49,1,0.4991782620928383
32,49,2,-0.042761423858269906
32,52,1,0.06786206421160047
32,52,2,-0.0027202317726108282
32,52,3,0.010712928813177544
32,53,1,0.3264288375836075
32,53,2,-0.03010816520776953
32,53,3,0.002840624473627396
32,54,1,0.7176560818053768
32,54,2,-0.0790478922747572
32,54,3,-0.007361643880739834
32,55,1,0.27851667904195465
32,55,2,-0.0068630901345848065
32,55,3,0.009210706814081602
32,57,1,-0.11157714188319069
32,57,2,0.008704824933652187
32,57,3,-0.0036520185585000504
32,60,1,0.23096322762196142
33,37,1,0.174066706428223
33,42,1,0.01153305825207826
33,42,2,-0.038509653898053955
33,43,1,-0.04530719098064992
33,43,2,0.03467607287486936
33,45,1,0.02024311714634906
33,45,2,0.06087785931257735
33,46,1,0.038017187319424606
33,46,2,0.0151670051473646
33,48,1,0.06681066168988632
33,49,1,-0.037496798293865985
33,49,2,-0.00585525923280107
33,52,1,-0.0001697366342071322
33,52,2,-0.010217622281874178
33,53,1,-0.01926738245145247
33,53,2,-0.013137473436997766
33,54,1,-0.04341468022586356
33,54,2,-0.039173325286893226
33,55,1,-0.019788181488765696
33,55,2,-0.015072338409235494
33,57,1,0.029877842080349878
33,57,2,0.009006269788243954
33,60,1,-0.003957830524113563
37,42,1,-0.016708607649886235
37,43,1,-0.15920501811439505
37,45,1,0.11240833192994598
37,46,1,0.011869612602385145
37,48,1,0.06523797640803397
37,49,1,-0.09200461060373545
37,52,1,0.02065863020909783
37,53,1,-0.07027773186220389
37,54,1,-0.13697687713163453
37,55,1,-0.07086105311257912
37,57,1,0.1757895773301955
37,60,1,-0.04441993519291648
42,43,1,0.2842065397737464
42,43,2,-0.07420897045466167
42,43,3,0.15546971608263158
42,45,1,0.3081541124870163
42,45,2,-0.09364749514532177
42,45,3,0.21234281266437102
42,45,4,0.031842862011119924
42,45,5,-0.023763896516351038
42,46,1,0.3395095119720948
42,46,2,0.09299360393916309
42,46,3,-0.006096171577552158
42,46,4,0.005110625761512324
42,46,5,-0.012341075113676263
42,48,1,-0.11436951608711758
42,48,3,-0.012256460680402976
42,49,1,0.3785493399413495
42,49,2,0.0681172739290288
42,52,1,0.09417693738470843
42,52,2,-0.01119455791261537
42,52,3,0.03805310471796717
42,52,4,0.005377370079351577
42,53,1,0.19472454035769685
42,53,2,0.013061460932508045
42,53,3,-0.018527390450802997
42,54,1,0.3340821532958105
42,54,2,0.04836539128364003
42,54,3,-0.01577761522683639
42,55,1,0.16407601173637104
42,55,2,0.028206840384492657
42,55,3,0.11915944686415675
42,55,4,0.06394572892604335
42,55,5,0.015684091318261723
42,57,1,0.08952613184083767
42,57,2,0.00022161352068566313
42,57,3,-0.033988600837483104
42,57,4,0.02507705167224033
42,57,5,0.031130411746074962
42,60,1,0.12398439521827227
43,45,1,0.17908739698237686
43,45,2,0.0835905689842373
43,45,3,0.22987670495698825
43,46,1,0.45455076084163665
43,46,2,-0.09684330291256754
43,46,3,-0.016652826631742838
43,48,1,-0.169572375487862
43,48,3,-0.024404388376629463
43,49,1,0.4028792543764794
43,49,2,-0.08212262394370277
43,52,1,0.07882929880117136
43,52,2,0.05116130793057493
43,52,3,0.018786577794615962
43,53,1,0.28038299689615775
43,53,2,-0.01672355491260777
43,53,3,-0.0283900139363607
43,54,1,0.6244372034747037
43,54,2,-0.054507304499062166
43,54,3,-0.010985561678050646
43,55,1,0.22769469495036543
43,55,2,-0.061053091011119415
43,55,3,0.13236787433314995
43,57,1,-0.04788281084042624
43,57,2,0.03709925753022874
43,57,3,-0.026785578443968377
43,60,1,0.2163385097814786
45,46,1,0.432775640745131
45,46,2,-0.1408910996483535
45,46,3,-0.0169231092091708
45,46,4,-0.0016959715601283793
45,46,5,-0.005044296368178237
45,48,1,-0.08594899869004005
45,48,3,-0.03617850414620736
45,49,1,0.40530057250613294
45,49,2,-0.11499087520497424
45,52,1,0.18292342962825056
45,52,2,0.02713221367206261
45,52,3,0.014951502451292164
45,52,4,0.06647481799167715
45,53,1,0.22118567829457547
45,53,2,-0.04498523355144028
45,53,3,-0.04495384944283885
45,54,1,0.2791699607696303
45,54,2,-0.08081021375385654
45,54,3,-0.02370705650518535
45,55,1,0.18188223642033904
45,55,2,-0.047085730692918513
45,55,3,0.18233971152699743
45,55,4,0.017369314276984432
45,55,5,-0.04952367538388602
45,57,1,0.2167725977494816
45,57,2,0.04283448597292957
45,57,3,-0.03439251136063469
45,57,4,-0.04792804536197256
45,57,5,0.1067672182167364
45,60,1,0.11331071898810857
46,48,1,-0.17060098751822275
46,48,3,0.007902513234341779
46,49,1,0.49912286446378185
46,49,2,0.1254345385333555
46,52,1,0.1852808036027746
46,52,2,-0.03255464343799382
46,52,3,-0.013783576437452127
46,52,4,-0.009162658966711774
46,53,1,0.35679301582635514
46,53,2,0.09090062878551072
46,53,3,-0.0056858673832049945
46,54,1,0.5733829443648288
46,54,2,0.19166145073654442
46,54,3,0.018501908581458934
46,55,1,0.2571621272951113
46,55,2,0.06507230295901721
46,55,3,-0.015543371146433026
46,55,4,0.014416842227145052
46,55,5,-0.021382519880227793
46,57,1,0.15002844023063
46,57,2,0.019813399056837835
46,57,3,0.014394574519525718
46,57,4,0.027962772789910925
46,57,5,0.0030697041956992918
46,60,1,0.18865826484749534
48,49,1,-0.17143261398341544
48,52,1,-0.06962185425071425
48,52,3,-0.0011517398350334273
48,53,1,-0.1371316476905546
48,53,3,-0.010244999652844838
48,54,1,-0.1854618224405087
48,54,3,0.009809072265435585
48,55,1,-0.10091191087864332
48,55,3,-0.025235781008155916
48,57,1,-0.0097927931251655
48,57,3,-0.012672991245226584
48,60,1,-0.05434145737061437
49,52,1,0.1676838906550023
49,52,2,-0.013478535979391018
49,53,1,0.3370154500358274
49,53,2,0.029381385159534076
49,54,1,0.5188793538647138
49,54,2,0.03511008836502763
49,55,1,0.29157244975776664
49,55,2,0.049026633855120495
49,57,1,0.05470452435220095
49,57,2,-0.04465524205774
49,60,1,0.19158900539368257
52,53,1,0.19175447859265013
52,53,2,-0.0039915189356596464
52,53,3,0.06365448832243634
52,54,1,0.10780376655578354
52,54,2,0.00037926035600748437
52,54,3,-0.00110609718862792
52,55,1,0.12811882600959007
52,55,2,0.003299392660467274
52,55,3,-0.011688310485123235
52,55,4,0.010113658471915834
52,57,1,0.07834155066329981
52,57,2,0.0053087305206474785
52,57,3,-0.02643019949834989
52,57,4,-0.008810488678679453
52,60,1,0.07178234175929303
53,54,1,0.3448013531908492
53,54,2,0.09422604402787485
53,54,3,-0.007743379615828867
53,55,1,0.22991493090537485
53,55,2,0.043505039809057636
53,55,3,-0.024757647802144216
53,57,1,0.0528928802247757
53,57,2,0.02143408514066599
53,57,3,0.009479312317922031
53,60,1,0.13198851553493557
54,55,1,0.2933529879630308
54,55,2,0.04080383510811204
54,55,3,-0.017645223823182152
54,57,1,-0.0027464147432954117
54,57,2,0.1041885562279553
54,57,3,0.019504627461393427
54,60,1,0.21049160252062665
55,57,1,0.002803110256263578
55,57,2,-0.00168590726364929
55,57,3,0.011711374084286207
55,57,4,0.017687473927682447
55,57,5,-0.02471835928483485
55,60,1,0.09524261397439082
57,60,1,0.004619052976906494
